{
    "f1": 0.4780205833732615, 
    "loss": 0.7214189650099955, 
    "accuracy": 0.5414197530864198
}