{
    "f1": 0.4852898768391507, 
    "loss": 0.7098940780133377, 
    "accuracy": 0.5528086419753087
}