{
    "f1": 0.7216511464457458, 
    "loss": 0.5511102043552163, 
    "accuracy": 0.7522685185185186
}