{
    "f1": 0.7916865688632996, 
    "loss": 0.44626501975236116, 
    "accuracy": 0.7656018518518519
}