{
    "f1": 0.6651176551519925, 
    "loss": 0.6921763174117558, 
    "accuracy": 0.5054563492063492
}