{
    "f1": 0.7272727272727273, 
    "loss": 0.6700779497623444, 
    "accuracy": 0.6041666666666667
}