{
    "f1": 0.0, 
    "loss": 0.8348599672317505, 
    "accuracy": 0.43229166666666663
}