{
    "f1": 0.6663067818465842, 
    "loss": 0.7009125381340215, 
    "accuracy": 0.5094598765432099
}