{
    "f1": 0.661306733755518, 
    "loss": 0.7007720720620803, 
    "accuracy": 0.5008024691358024
}