{
    "f1": 0.4755069664262866, 
    "loss": 0.8886690228073685, 
    "accuracy": 0.501682098765432
}