{
    "f1": 0.4814339672113377, 
    "loss": 0.8802431542196392, 
    "accuracy": 0.499753086419753
}