{
    "f1": 0.5345969990947526, 
    "loss": 0.7859337145899549, 
    "accuracy": 0.5304938271604938
}