{
    "f1": 0.521437689710803, 
    "loss": 0.838548454237573, 
    "accuracy": 0.5352314814814815
}