{
    "f1": 0.624714716903122, 
    "loss": 0.6915468536777261, 
    "accuracy": 0.5008024691358024
}