{
    "f1": 0.4779782946799344, 
    "loss": 0.7853936221864488, 
    "accuracy": 0.48442901234567903
}