{
    "f1": 0.5034454212766052, 
    "loss": 0.7664106326338685, 
    "accuracy": 0.5141975308641975
}