{
    "f1": 0.6803890398639926, 
    "loss": 0.6915346402970571, 
    "accuracy": 0.5213293650793651
}