{
    "f1": 0.6806004563770466, 
    "loss": 0.691339443600367, 
    "accuracy": 0.5193452380952381
}