{
    "f1": 0.6635069296297632, 
    "loss": 0.692877745817578, 
    "accuracy": 0.501984126984127
}