{
    "f1": 0.6635895755253095, 
    "loss": 0.6930387540469094, 
    "accuracy": 0.5024801587301587
}