{
    "f1": 0.0, 
    "loss": 0.7030991779433357, 
    "accuracy": 0.00038580246913580245
}