{
    "f1": 0.0, 
    "loss": 0.6670634996743849, 
    "accuracy": 0.9992283950617284
}