{
    "f1": 0.0, 
    "loss": 0.6751087388874571, 
    "accuracy": 0.9996141975308642
}