{
    "f1": 0.5609391023463504, 
    "loss": 0.6510861553843059, 
    "accuracy": 0.6091269841269841
}