{
    "f1": 0.5074296965076877, 
    "loss": 0.6854893543102123, 
    "accuracy": 0.583858024691358
}