{
    "f1": 0.5768965478300272, 
    "loss": 0.6629471558111685, 
    "accuracy": 0.6456327160493828
}