{
    "f1": 0.4112868183494541, 
    "loss": 0.6672317130225045, 
    "accuracy": 0.5625
}