{
    "f1": 0.33750438764912993, 
    "loss": 0.6707744390245468, 
    "accuracy": 0.5699404761904762
}