{
    "f1": 0.6676528618649409, 
    "loss": 0.695430662896898, 
    "accuracy": 0.5054563492063492
}