{
    "f1": 0.6676427155538878, 
    "loss": 0.7031870771337438, 
    "accuracy": 0.5081790123456791
}