{
    "f1": 0.6683731561301414, 
    "loss": 0.7034800979826186, 
    "accuracy": 0.5103858024691358
}