{
    "f1": 0.5144855287536716, 
    "loss": 0.774021918391004, 
    "accuracy": 0.5202469135802469
}