{
    "f1": 0.5151064524610269, 
    "loss": 0.7217857182761769, 
    "accuracy": 0.5043364197530864
}