{
    "f1": 0.0, 
    "loss": 0.7928539433597047, 
    "accuracy": 0.15959876543209878
}