{
    "f1": 0.0, 
    "loss": 0.7825653015831371, 
    "accuracy": 0.2112962962962963
}