{
    "f1": 0.0, 
    "loss": 0.7898538789631407, 
    "accuracy": 0.2191820987654321
}