{
    "f1": 0.0, 
    "loss": 0.7676753666665819, 
    "accuracy": 0.24916666666666668
}