{
    "f1": 0.007630830109821706, 
    "loss": 0.6922028622930012, 
    "accuracy": 0.5014880952380952
}