{
    "f1": 0.011294909675255966, 
    "loss": 0.7129442404817652, 
    "accuracy": 0.5156172839506173
}