{
    "f1": 0.008609364717025173, 
    "loss": 0.6987666014641051, 
    "accuracy": 0.5069444444444444
}