{
    "f1": 0.006601731601731602, 
    "loss": 0.7220518409259735, 
    "accuracy": 0.503968253968254
}