{
    "f1": 0.0, 
    "loss": 0.7527532879217171, 
    "accuracy": 0.5119907407407407
}