{
    "f1": 0.0, 
    "loss": 0.287059100413764, 
    "accuracy": 0.8677314814814814
}