{
    "f1": 0.0, 
    "loss": 0.24187626128579365, 
    "accuracy": 0.8731327160493827
}