{
    "f1": 0.0, 
    "loss": 0.23871450383722045, 
    "accuracy": 0.8914814814814814
}