{
    "f1": 0.0, 
    "loss": 0.276661818134196, 
    "accuracy": 0.8653549382716049
}