{
    "f1": 0.0, 
    "loss": 0.8192678645805076, 
    "accuracy": 0.14450617283950618
}