{
    "f1": 0.5227836498607219, 
    "loss": 0.6633232765727572, 
    "accuracy": 0.5932539682539683
}