{
    "f1": 0.5062960036199821, 
    "loss": 0.6701694785812755, 
    "accuracy": 0.5597067901234568
}