{
    "f1": 0.5151980271813582, 
    "loss": 0.6677984852849701, 
    "accuracy": 0.5775771604938271
}