{
    "f1": 0.500549308193223, 
    "loss": 0.6720514183952695, 
    "accuracy": 0.5629960317460317
}