{
    "f1": 0.515236810749851, 
    "loss": 0.6762152087120783, 
    "accuracy": 0.5461309523809523
}