{
    "f1": 0.0, 
    "loss": 0.8047202766677479, 
    "accuracy": 0.14461419753086419
}