{
    "f1": 0.518584697994923, 
    "loss": 0.6733919741615416, 
    "accuracy": 0.5560515873015873
}