{
    "f1": 0.5270992276616102, 
    "loss": 0.6702889629772731, 
    "accuracy": 0.5550595238095238
}