{
    "f1": 0.5392322852424659, 
    "loss": 0.6488675099832041, 
    "accuracy": 0.5993981481481482
}