{
    "loss": 6.4446018903683395, 
    "accuracy": 0.7667661701345103
}