{
    "accuracy": 0.42857142857142855,
    "loss": 2778.762939453125
}