{
    "loss": 6.450021841587165, 
    "accuracy": 0.7665658496216897
}