{
    "f1": 0.8966620856111547, 
    "loss": 0.27265414719780284, 
    "accuracy": 0.9014043209876543
}