{
    "accuracy": 0.6064880952380952,
    "f1": 0.6146182657065112,
    "loss": 0.7267338661920457
}