{
    "f1": 0.6240225506188066, 
    "loss": 1.6149106233839006, 
    "accuracy": 0.6750992063492064
}