{
    "f1": 0.6761133603238866, 
    "loss": 0.6206070184707642, 
    "accuracy": 0.7048611111111112
}