{
    "f1": 0.8957374034334883, 
    "loss": 0.2733216009758137, 
    "accuracy": 0.902175925925926
}