{
    "f1": 0.05750801999560083, 
    "loss": 0.68612949148057, 
    "accuracy": 0.5124007936507936
}