{
    "f1": 0.28571428571428575, 
    "loss": 2.1464104652404785, 
    "accuracy": 0.5
}