{
    "f1": 0.4494949494949495, 
    "loss": 1.1344604194164276, 
    "accuracy": 0.5347222222222222
}