{
    "f1": 0.0, 
    "loss": 0.2419063792920407, 
    "accuracy": 0.8847067901234568
}