{
    "f1": 0.6095353141962245, 
    "loss": 1.9047579888313535, 
    "accuracy": 0.6646825396825397
}