{
    "f1": 0.6416193863528773, 
    "loss": 0.7264588106246221, 
    "accuracy": 0.5991815476190476
}