{
    "f1": 0.0, 
    "loss": 0.8170085196141843, 
    "accuracy": 0.5006944444444444
}