{
    "f1": 0.0, 
    "loss": 0.9254259643731294, 
    "accuracy": 0.27186728395061727
}