{
    "f1": 0.0, 
    "loss": 0.8739751474356946, 
    "accuracy": 0.27197530864197533
}