{
    "f1": 0.0, 
    "loss": 0.734422806604409, 
    "accuracy": 0.5191975308641975
}