{
    "f1": 0.5790925395311822, 
    "loss": 0.8608750583213053, 
    "accuracy": 0.565108024691358
}