{
    "f1": 0.0, 
    "loss": 0.9282946954538793, 
    "accuracy": 0.315570987654321
}