{
    "f1": 0.0, 
    "loss": 0.8422646029495898, 
    "accuracy": 0.4718672839506173
}