{
    "f1": 0.5408473678106561, 
    "loss": 0.7368873195883668, 
    "accuracy": 0.5429012345679013
}