{
    "f1": 0.5124939887677433, 
    "loss": 0.9940432319565425, 
    "accuracy": 0.5496031746031746
}