{
    "f1": 0.5332600246129974, 
    "loss": 4.424451010567801, 
    "accuracy": 0.49702380952380953
}