{
    "f1": 0.5195822001086565, 
    "loss": 1.3614787705360898, 
    "accuracy": 0.5342261904761905
}