{
    "f1": 0.6626568087026157, 
    "loss": 0.7026518001968478, 
    "accuracy": 0.5041512345679012
}