{
    "f1": 0.6622228814570595, 
    "loss": 0.7048408845324575, 
    "accuracy": 0.5011265432098766
}