{
    "f1": 0.6639545404655034, 
    "loss": 13.719569569542294, 
    "accuracy": 0.5034722222222222
}