{
    "f1": 0.6698856380554812, 
    "loss": 13.541393340580047, 
    "accuracy": 0.5099206349206349
}