{
    "f1": 0.6701226461069852, 
    "loss": 0.6926145837420509, 
    "accuracy": 0.5042559523809524
}