{
    "f1": NaN, 
    "loss": 0.6936947164081392, 
    "accuracy": 0.49741815476190476
}