{
    "loss": 0.44019137284694576, 
    "accuracy": 0.8070486548970155
}