{
    "f1": 0.0, 
    "loss": 14.075922103155227, 
    "accuracy": 0.4905753968253968
}