{
    "f1": 0.6706236517269888, 
    "loss": 13.568805119347951, 
    "accuracy": 0.5089285714285714
}