{
    "f1": 0.5664444630301317, 
    "loss": 1.5134087168140176, 
    "accuracy": 0.5437808641975309
}