{
    "f1": 0.5377907625369768, 
    "loss": 1.4267287681132188, 
    "accuracy": 0.5347993827160494
}