{
    "f1": 0.3508914225517397, 
    "loss": 0.6720548423509749, 
    "accuracy": 0.5436507936507936
}