{
    "f1": 0.34524273002599665, 
    "loss": 0.6682663257159884, 
    "accuracy": 0.5362103174603174
}