{
    "f1": 0.4138019746028398, 
    "loss": 0.6791361816345699, 
    "accuracy": 0.5580357142857143
}