{
    "f1": 0.39059210204339434, 
    "loss": 0.6661213409333002, 
    "accuracy": 0.5610565476190476
}