{
    "f1": 0.5182784050253146, 
    "loss": 0.6684045687554374, 
    "accuracy": 0.5575396825396826
}