{
    "f1": 0.32283130778232555, 
    "loss": 0.6783032615979513, 
    "accuracy": 0.5347222222222222
}