{
    "f1": 0.48932761032120214, 
    "loss": 0.674146660736629, 
    "accuracy": 0.5570436507936508
}