{
    "f1": 0.5026732980215813, 
    "loss": 0.6694577947074984, 
    "accuracy": 0.5469607338820301
}