{
    "f1": 0.4803216750110053, 
    "loss": 0.6838100325493586, 
    "accuracy": 0.5481150793650794
}