{
    "f1": 0.3957050557801686, 
    "loss": 0.6721890487788637, 
    "accuracy": 0.5631644375857339
}