{
    "f1": 0.6652163981039483, 
    "loss": 0.7049977996992687, 
    "accuracy": 0.5034722222222222
}