{
    "f1": 0.6655154250487867, 
    "loss": 0.7052262321351066, 
    "accuracy": 0.5044642857142857
}